<?xml version="1.0" encoding="UTF-8"?><font><info face="PressStart2P-Regular" size="12" bold="0" italic="0" charset="" unicode="1" stretchH="100" smooth="1" aa="1" padding="1,1,1,1" spacing="1,1"/><common lineHeight="12" base="12" scaleW="125" scaleH="124" pages="1" packed="0"/><pages><page id="0" file="fonte.png"/></pages><chars count="91"><char id="32" x="0" y="0" width="0" height="0" xoffset="0" yoffset="0" xadvance="12" page="0" chnl="15"/><!--   --><char id="33" x="0" y="71" width="7" height="13" xoffset="2" yoffset="-1" xadvance="12" page="0" chnl="15"/><!-- ! --><char id="34" x="80" y="110" width="9" height="7" xoffset="1" yoffset="-1" xadvance="12" page="0" chnl="15"/><!-- " --><char id="35" x="96" y="71" width="13" height="13" xoffset="-1" yoffset="-1" xadvance="12" page="0" chnl="15"/><!-- # --><char id="36" x="110" y="71" width="13" height="13" xoffset="-1" yoffset="-1" xadvance="12" page="0" chnl="15"/><!-- $ --><char id="37" x="22" y="71" width="13" height="13" xoffset="-1" yoffset="-1" xadvance="12" page="0" chnl="15"/><!-- % --><char id="38" x="0" y="85" width="13" height="13" xoffset="-1" yoffset="-1" xadvance="12" page="0" chnl="15"/><!-- & --><char id="39" x="90" y="110" width="5" height="7" xoffset="2" yoffset="-1" xadvance="12" page="0" chnl="15"/><!-- ' --><char id="40" x="50" y="71" width="8" height="13" xoffset="2" yoffset="-1" xadvance="12" page="0" chnl="15"/><!-- ( --><char id="41" x="59" y="71" width="8" height="13" xoffset="1" yoffset="-1" xadvance="12" page="0" chnl="15"/><!-- ) --><char id="42" x="40" y="110" width="13" height="9" xoffset="-1" yoffset="1" xadvance="12" page="0" chnl="15"/><!-- * --><char id="43" x="54" y="110" width="11" height="9" xoffset="1" yoffset="1" xadvance="12" page="0" chnl="15"/><!-- + --><char id="44" x="96" y="110" width="6" height="6" xoffset="1" yoffset="7" xadvance="12" page="0" chnl="15"/><!-- , --><char id="45" x="14" y="121" width="11" height="3" xoffset="1" yoffset="4" xadvance="12" page="0" chnl="15"/><!-- - --><char id="46" x="103" y="110" width="5" height="5" xoffset="2" yoffset="7" xadvance="12" page="0" chnl="15"/><!-- . --><char id="47" x="68" y="71" width="13" height="13" xoffset="-1" yoffset="-1" xadvance="12" page="0" chnl="15"/><!-- / --><char id="48" x="10" y="0" width="13" height="13" xoffset="-1" yoffset="-1" xadvance="12" page="0" chnl="15"/><!-- 0 --><char id="49" x="24" y="0" width="11" height="13" xoffset="1" yoffset="-1" xadvance="12" page="0" chnl="15"/><!-- 1 --><char id="50" x="36" y="0" width="13" height="13" xoffset="-1" yoffset="-1" xadvance="12" page="0" chnl="15"/><!-- 2 --><char id="51" x="50" y="0" width="13" height="13" xoffset="-1" yoffset="-1" xadvance="12" page="0" chnl="15"/><!-- 3 --><char id="52" x="64" y="0" width="13" height="13" xoffset="-1" yoffset="-1" xadvance="12" page="0" chnl="15"/><!-- 4 --><char id="53" x="78" y="0" width="13" height="13" xoffset="-1" yoffset="-1" xadvance="12" page="0" chnl="15"/><!-- 5 --><char id="54" x="92" y="0" width="13" height="13" xoffset="-1" yoffset="-1" xadvance="12" page="0" chnl="15"/><!-- 6 --><char id="55" x="106" y="0" width="13" height="13" xoffset="-1" yoffset="-1" xadvance="12" page="0" chnl="15"/><!-- 7 --><char id="56" x="0" y="15" width="13" height="13" xoffset="-1" yoffset="-1" xadvance="12" page="0" chnl="15"/><!-- 8 --><char id="57" x="14" y="15" width="13" height="13" xoffset="-1" yoffset="-1" xadvance="12" page="0" chnl="15"/><!-- 9 --><char id="58" x="120" y="15" width="5" height="9" xoffset="2" yoffset="1" xadvance="12" page="0" chnl="15"/><!-- : --><char id="59" x="106" y="85" width="6" height="11" xoffset="1" yoffset="1" xadvance="12" page="0" chnl="15"/><!-- ; --><char id="61" x="66" y="110" width="13" height="7" xoffset="-1" yoffset="2" xadvance="12" page="0" chnl="15"/><!-- = --><char id="63" x="36" y="71" width="13" height="13" xoffset="-1" yoffset="-1" xadvance="12" page="0" chnl="15"/><!-- ? --><char id="64" x="82" y="71" width="13" height="13" xoffset="-1" yoffset="-1" xadvance="12" page="0" chnl="15"/><!-- @ --><char id="65" x="12" y="29" width="13" height="13" xoffset="-1" yoffset="-1" xadvance="12" page="0" chnl="15"/><!-- A --><char id="66" x="26" y="29" width="13" height="13" xoffset="-1" yoffset="-1" xadvance="12" page="0" chnl="15"/><!-- B --><char id="67" x="40" y="29" width="13" height="13" xoffset="-1" yoffset="-1" xadvance="12" page="0" chnl="15"/><!-- C --><char id="68" x="54" y="29" width="13" height="13" xoffset="-1" yoffset="-1" xadvance="12" page="0" chnl="15"/><!-- D --><char id="69" x="68" y="29" width="13" height="13" xoffset="-1" yoffset="-1" xadvance="12" page="0" chnl="15"/><!-- E --><char id="70" x="82" y="29" width="13" height="13" xoffset="-1" yoffset="-1" xadvance="12" page="0" chnl="15"/><!-- F --><char id="71" x="96" y="29" width="13" height="13" xoffset="-1" yoffset="-1" xadvance="12" page="0" chnl="15"/><!-- G --><char id="72" x="110" y="29" width="13" height="13" xoffset="-1" yoffset="-1" xadvance="12" page="0" chnl="15"/><!-- H --><char id="73" x="0" y="43" width="11" height="13" xoffset="1" yoffset="-1" xadvance="12" page="0" chnl="15"/><!-- I --><char id="74" x="12" y="43" width="13" height="13" xoffset="-1" yoffset="-1" xadvance="12" page="0" chnl="15"/><!-- J --><char id="75" x="26" y="43" width="13" height="13" xoffset="-1" yoffset="-1" xadvance="12" page="0" chnl="15"/><!-- K --><char id="76" x="40" y="43" width="11" height="13" xoffset="1" yoffset="-1" xadvance="12" page="0" chnl="15"/><!-- L --><char id="77" x="52" y="43" width="13" height="13" xoffset="-1" yoffset="-1" xadvance="12" page="0" chnl="15"/><!-- M --><char id="78" x="66" y="43" width="13" height="13" xoffset="-1" yoffset="-1" xadvance="12" page="0" chnl="15"/><!-- N --><char id="79" x="80" y="43" width="13" height="13" xoffset="-1" yoffset="-1" xadvance="12" page="0" chnl="15"/><!-- O --><char id="80" x="94" y="43" width="13" height="13" xoffset="-1" yoffset="-1" xadvance="12" page="0" chnl="15"/><!-- P --><char id="81" x="108" y="43" width="13" height="13" xoffset="-1" yoffset="-1" xadvance="12" page="0" chnl="15"/><!-- Q --><char id="82" x="0" y="57" width="13" height="13" xoffset="-1" yoffset="-1" xadvance="12" page="0" chnl="15"/><!-- R --><char id="83" x="14" y="57" width="13" height="13" xoffset="-1" yoffset="-1" xadvance="12" page="0" chnl="15"/><!-- S --><char id="84" x="28" y="57" width="11" height="13" xoffset="1" yoffset="-1" xadvance="12" page="0" chnl="15"/><!-- T --><char id="85" x="40" y="57" width="13" height="13" xoffset="-1" yoffset="-1" xadvance="12" page="0" chnl="15"/><!-- U --><char id="86" x="54" y="57" width="13" height="13" xoffset="-1" yoffset="-1" xadvance="12" page="0" chnl="15"/><!-- V --><char id="87" x="68" y="57" width="13" height="13" xoffset="-1" yoffset="-1" xadvance="12" page="0" chnl="15"/><!-- W --><char id="88" x="82" y="57" width="13" height="13" xoffset="-1" yoffset="-1" xadvance="12" page="0" chnl="15"/><!-- X --><char id="89" x="96" y="57" width="11" height="13" xoffset="1" yoffset="-1" xadvance="12" page="0" chnl="15"/><!-- Y --><char id="90" x="108" y="57" width="13" height="13" xoffset="-1" yoffset="-1" xadvance="12" page="0" chnl="15"/><!-- Z --><char id="91" x="32" y="85" width="8" height="13" xoffset="2" yoffset="-1" xadvance="12" page="0" chnl="15"/><!-- [ --><char id="93" x="41" y="85" width="8" height="13" xoffset="1" yoffset="-1" xadvance="12" page="0" chnl="15"/><!-- ] --><char id="94" x="109" y="110" width="9" height="5" xoffset="1" yoffset="-1" xadvance="12" page="0" chnl="15"/><!-- ^ --><char id="95" x="0" y="121" width="13" height="3" xoffset="-1" yoffset="10" xadvance="12" page="0" chnl="15"/><!-- _ --><char id="97" x="0" y="99" width="13" height="10" xoffset="-1" yoffset="2" xadvance="12" page="0" chnl="15"/><!-- a --><char id="98" x="28" y="15" width="13" height="13" xoffset="-1" yoffset="-1" xadvance="12" page="0" chnl="15"/><!-- b --><char id="99" x="14" y="99" width="13" height="10" xoffset="-1" yoffset="2" xadvance="12" page="0" chnl="15"/><!-- c --><char id="100" x="42" y="15" width="13" height="13" xoffset="-1" yoffset="-1" xadvance="12" page="0" chnl="15"/><!-- d --><char id="101" x="28" y="99" width="13" height="10" xoffset="-1" yoffset="2" xadvance="12" page="0" chnl="15"/><!-- e --><char id="102" x="56" y="15" width="11" height="13" xoffset="1" yoffset="-1" xadvance="12" page="0" chnl="15"/><!-- f --><char id="103" x="50" y="85" width="13" height="11" xoffset="-1" yoffset="2" xadvance="12" page="0" chnl="15"/><!-- g --><char id="104" x="68" y="15" width="13" height="13" xoffset="-1" yoffset="-1" xadvance="12" page="0" chnl="15"/><!-- h --><char id="105" x="82" y="15" width="11" height="13" xoffset="1" yoffset="-1" xadvance="12" page="0" chnl="15"/><!-- i --><char id="106" x="0" y="0" width="9" height="14" xoffset="1" yoffset="-1" xadvance="12" page="0" chnl="15"/><!-- j --><char id="107" x="94" y="15" width="13" height="13" xoffset="-1" yoffset="-1" xadvance="12" page="0" chnl="15"/><!-- k --><char id="108" x="108" y="15" width="11" height="13" xoffset="1" yoffset="-1" xadvance="12" page="0" chnl="15"/><!-- l --><char id="109" x="42" y="99" width="13" height="10" xoffset="-1" yoffset="2" xadvance="12" page="0" chnl="15"/><!-- m --><char id="110" x="56" y="99" width="13" height="10" xoffset="-1" yoffset="2" xadvance="12" page="0" chnl="15"/><!-- n --><char id="111" x="70" y="99" width="13" height="10" xoffset="-1" yoffset="2" xadvance="12" page="0" chnl="15"/><!-- o --><char id="112" x="64" y="85" width="13" height="11" xoffset="-1" yoffset="2" xadvance="12" page="0" chnl="15"/><!-- p --><char id="113" x="78" y="85" width="13" height="11" xoffset="-1" yoffset="2" xadvance="12" page="0" chnl="15"/><!-- q --><char id="114" x="113" y="85" width="11" height="10" xoffset="1" yoffset="2" xadvance="12" page="0" chnl="15"/><!-- r --><char id="115" x="84" y="99" width="13" height="10" xoffset="-1" yoffset="2" xadvance="12" page="0" chnl="15"/><!-- s --><char id="116" x="0" y="29" width="11" height="13" xoffset="1" yoffset="-1" xadvance="12" page="0" chnl="15"/><!-- t --><char id="117" x="98" y="99" width="13" height="10" xoffset="-1" yoffset="2" xadvance="12" page="0" chnl="15"/><!-- u --><char id="118" x="0" y="110" width="11" height="10" xoffset="1" yoffset="2" xadvance="12" page="0" chnl="15"/><!-- v --><char id="119" x="112" y="99" width="13" height="10" xoffset="-1" yoffset="2" xadvance="12" page="0" chnl="15"/><!-- w --><char id="120" x="12" y="110" width="13" height="10" xoffset="-1" yoffset="2" xadvance="12" page="0" chnl="15"/><!-- x --><char id="121" x="92" y="85" width="13" height="11" xoffset="-1" yoffset="2" xadvance="12" page="0" chnl="15"/><!-- y --><char id="122" x="26" y="110" width="13" height="10" xoffset="-1" yoffset="2" xadvance="12" page="0" chnl="15"/><!-- z --><char id="123" x="14" y="85" width="8" height="13" xoffset="2" yoffset="-1" xadvance="12" page="0" chnl="15"/><!-- { --><char id="124" x="120" y="0" width="5" height="13" xoffset="4" yoffset="-1" xadvance="12" page="0" chnl="15"/><!-- | --><char id="125" x="23" y="85" width="8" height="13" xoffset="1" yoffset="-1" xadvance="12" page="0" chnl="15"/><!-- } --><char id="8470" x="8" y="71" width="13" height="13" xoffset="-1" yoffset="-1" xadvance="12" page="0" chnl="15"/><!-- № --></chars></font>